-- phpMyAdmin SQL Dump
-- version 5.2.1
-- https://www.phpmyadmin.net/
--
-- Máy chủ: 127.0.0.1
-- Thời gian đã tạo: Th5 21, 2026 lúc 07:41 PM
-- Phiên bản máy phục vụ: 10.4.32-MariaDB
-- Phiên bản PHP: 8.2.12

SET SQL_MODE = "NO_AUTO_VALUE_ON_ZERO";
START TRANSACTION;
SET time_zone = "+00:00";


/*!40101 SET @OLD_CHARACTER_SET_CLIENT=@@CHARACTER_SET_CLIENT */;
/*!40101 SET @OLD_CHARACTER_SET_RESULTS=@@CHARACTER_SET_RESULTS */;
/*!40101 SET @OLD_COLLATION_CONNECTION=@@COLLATION_CONNECTION */;
/*!40101 SET NAMES utf8mb4 */;

--
-- Cơ sở dữ liệu: `merge_q`
--

-- --------------------------------------------------------

--
-- Cấu trúc bảng cho bảng `allowances_penalties`
--

CREATE TABLE `allowances_penalties` (
  `id` int(11) NOT NULL,
  `teacher_id` int(11) NOT NULL,
  `type` enum('bonus','penalty') NOT NULL,
  `amount` decimal(12,2) NOT NULL,
  `reason` text DEFAULT NULL,
  `month` int(11) NOT NULL,
  `year` int(11) NOT NULL,
  `created_by` int(11) DEFAULT NULL,
  `created_at` timestamp NOT NULL DEFAULT current_timestamp()
) ENGINE=InnoDB DEFAULT CHARSET=utf8mb4 COLLATE=utf8mb4_general_ci;

--
-- Đang đổ dữ liệu cho bảng `allowances_penalties`
--

INSERT INTO `allowances_penalties` (`id`, `teacher_id`, `type`, `amount`, `reason`, `month`, `year`, `created_by`, `created_at`) VALUES
(14, 1, 'penalty', 50000.00, 'Đi trễ 15 phút buổi học ngày 27/10/2025 — class Scratch', 10, 2025, 1, '2026-05-14 09:41:34'),
(15, 1, 'penalty', 200000.00, 'Vắng không phép ngày 19/11/2025, không tìm được người thay', 11, 2025, 1, '2026-05-14 09:41:34'),
(16, 1, 'penalty', 100000.00, 'Đi trễ 20 phút buổi ngày 28/10/2025 — class Scratch', 10, 2025, 1, '2026-05-14 09:41:34'),
(17, 3, 'penalty', 50000.00, 'Đi trễ 10 phút buổi ngày 29/10/2025', 10, 2025, 1, '2026-05-14 09:41:34'),
(18, 2, 'penalty', 999999999.00, 'csadfasdfas', 4, 2026, 1, '2026-05-14 09:41:34'),
(19, 2, 'penalty', 50000.00, 'Đi trễ', 5, 2026, 1, '2026-05-14 09:41:34'),
(20, 3, 'penalty', 200000.00, 'Vắng không báo trước', 5, 2026, 1, '2026-05-14 09:41:34'),
(21, 1, 'penalty', 100000.00, 'Phạt đi trễ 31 phút (Tự động từ điểm danh)', 5, 2026, 1, '2026-05-14 09:41:34'),
(22, 1, 'bonus', 500000.00, 'Thưởng Tết Nguyên Đán 2026 — theo chính sách trung tâm', 1, 2026, 1, '2026-05-14 09:41:34'),
(23, 3, 'bonus', 500000.00, 'Thưởng Tết Nguyên Đán 2026 — theo chính sách trung tâm', 1, 2026, 1, '2026-05-14 09:41:34'),
(24, 2, 'bonus', 2000000.00, 'Thưởng hiệu suất Q1/2026 — hoàn thành xuất sắc KPI', 4, 2026, 1, '2026-05-14 09:41:34'),
(25, 1, 'bonus', 200000.00, 'Thưởng giảng viên mới hoàn thành tốt tháng đầu tiên', 4, 2026, 1, '2026-05-14 09:41:34'),
(26, 2, 'penalty', 50000.00, '', 5, 2026, 1, '2026-05-17 07:25:57'),
(27, 1, 'penalty', 100000.00, 'Phản ánh chất lượng', 5, 2026, 1, '2026-05-18 17:47:46');

-- --------------------------------------------------------

--
-- Cấu trúc bảng cho bảng `attendances`
--

CREATE TABLE `attendances` (
  `attendance_id` int(11) NOT NULL,
  `session_id` int(11) DEFAULT NULL,
  `student_id` int(11) DEFAULT NULL,
  `status` enum('present','absent','late') DEFAULT NULL,
  `created_at` timestamp NOT NULL DEFAULT current_timestamp()
) ENGINE=InnoDB DEFAULT CHARSET=utf8mb4 COLLATE=utf8mb4_general_ci;

--
-- Đang đổ dữ liệu cho bảng `attendances`
--

INSERT INTO `attendances` (`attendance_id`, `session_id`, `student_id`, `status`, `created_at`) VALUES
(1, 1, 3, 'present', '2026-05-06 13:08:59'),
(2, 20, 3, 'present', '2026-05-06 15:37:30'),
(3, 3, 3, 'present', '2026-05-06 15:37:32'),
(4, 2, 3, 'present', '2026-05-06 15:37:34'),
(5, 4, 3, 'present', '2026-05-06 15:37:37'),
(6, 5, 3, 'present', '2026-05-06 15:37:39'),
(7, 12, 3, 'present', '2026-05-06 15:37:43'),
(8, 6, 3, 'present', '2026-05-06 15:37:46'),
(9, 7, 3, 'present', '2026-05-06 15:37:48'),
(10, 8, 3, 'present', '2026-05-06 15:37:50'),
(11, 9, 3, 'present', '2026-05-06 15:37:52'),
(12, 10, 3, 'present', '2026-05-06 15:37:54'),
(13, 19, 3, 'present', '2026-05-06 15:37:56'),
(14, 13, 3, 'present', '2026-05-06 15:37:58'),
(15, 14, 3, 'late', '2026-05-06 15:38:02'),
(16, 11, 3, 'late', '2026-05-06 15:38:06'),
(17, 15, 3, 'present', '2026-05-06 15:38:08'),
(18, 16, 3, 'present', '2026-05-06 15:38:12'),
(19, 17, 3, 'present', '2026-05-06 15:38:14'),
(20, 18, 3, 'present', '2026-05-06 15:38:17'),
(21, 41, 4, 'present', '2026-05-08 14:29:05'),
(22, 3, 3, 'present', '2026-05-09 09:02:32'),
(23, 2, 3, 'present', '2026-05-16 08:30:00'),
(24, 2, 2, 'present', '2026-05-16 08:30:00'),
(25, 3, 3, 'present', '2026-05-16 08:30:02'),
(26, 3, 2, 'present', '2026-05-16 08:30:02'),
(27, 49, 2, 'present', '2026-05-17 07:45:05'),
(28, 49, 2, 'present', '2026-05-17 07:45:19'),
(29, 50, 2, 'present', '2026-05-17 08:11:06'),
(30, 48, 2, 'present', '2026-05-17 19:25:45'),
(31, 62, 2, 'present', '2026-05-17 19:28:42'),
(32, 4, 2, 'present', '2026-05-17 19:34:03'),
(33, 67, 2, 'present', '2026-05-17 19:46:24');

-- --------------------------------------------------------

--
-- Cấu trúc bảng cho bảng `classes`
--

CREATE TABLE `classes` (
  `class_id` int(11) NOT NULL,
  `course_id` int(11) DEFAULT NULL,
  `package_id` int(11) DEFAULT NULL,
  `schedule_id` int(11) DEFAULT NULL,
  `shift_id` int(11) DEFAULT NULL,
  `start_date` date DEFAULT NULL,
  `max_students` int(11) NOT NULL DEFAULT 0,
  `is_active` tinyint(1) DEFAULT NULL,
  `class_code` varchar(50) DEFAULT NULL
) ENGINE=InnoDB DEFAULT CHARSET=utf8mb4 COLLATE=utf8mb4_general_ci;

--
-- Đang đổ dữ liệu cho bảng `classes`
--

INSERT INTO `classes` (`class_id`, `course_id`, `package_id`, `schedule_id`, `shift_id`, `start_date`, `max_students`, `is_active`, `class_code`) VALUES
(1, 1, 1, 1, 3, '2026-05-05', 10, NULL, 'PYT-001'),
(2, 1, 2, 1, 3, '2026-05-05', 10, NULL, 'PYT-002'),
(3, 3, 3, 9, 2, '2026-05-05', 10, NULL, 'ROBO-001'),
(4, 6, 4, 11, 2, '2026-05-06', 10, NULL, 'PYT-001'),
(5, 6, 4, 9, NULL, '2026-05-08', 10, NULL, 'PYT-002'),
(7, 6, NULL, 7, NULL, '2026-05-14', 10, NULL, 'PYT-003'),
(8, 3, 3, 6, NULL, '2026-05-16', 10, NULL, 'ROBO-002'),
(9, 4, 5, 9, NULL, '2026-05-18', 10, NULL, 'ROBO-001'),
(10, 2, 6, 9, NULL, '2026-05-18', 10, NULL, 'SCR-001');

-- --------------------------------------------------------

--
-- Cấu trúc bảng cho bảng `courses`
--

CREATE TABLE `courses` (
  `course_id` int(11) NOT NULL,
  `name` varchar(255) DEFAULT NULL,
  `description` text DEFAULT NULL,
  `status` enum('active','inactive') DEFAULT NULL,
  `code` varchar(10) DEFAULT NULL
) ENGINE=InnoDB DEFAULT CHARSET=utf8mb4 COLLATE=utf8mb4_general_ci;

--
-- Đang đổ dữ liệu cho bảng `courses`
--

INSERT INTO `courses` (`course_id`, `name`, `description`, `status`, `code`) VALUES
(1, 'Python cho người đi làm', '', 'active', 'PYT'),
(2, 'Scratch cơ bản', '', 'active', 'SCR'),
(3, 'Robotics cơ bản', '', 'active', 'ROBO'),
(4, 'Robotics nâng cao', '', 'active', 'ROBO'),
(5, 'Scratch nâng cao', '', 'active', 'SCR'),
(6, 'Python cho trẻ em', '', 'active', 'PYT');

-- --------------------------------------------------------

--
-- Cấu trúc bảng cho bảng `enrollments`
--

CREATE TABLE `enrollments` (
  `enrollment_id` int(11) NOT NULL,
  `student_id` int(11) DEFAULT NULL,
  `class_id` int(11) DEFAULT NULL,
  `enroll_date` date DEFAULT NULL,
  `status` enum('studying','completed','dropped','paused') DEFAULT NULL,
  `total_fee` decimal(10,2) DEFAULT NULL,
  `discount_percent` int(11) DEFAULT NULL,
  `final_fee` decimal(10,2) DEFAULT NULL,
  `paid_amount` decimal(10,2) DEFAULT NULL,
  `payment_status` enum('unpaid','partial','paid') DEFAULT NULL,
  `attended_sessions` int(11) DEFAULT NULL,
  `remaining_sessions` int(11) DEFAULT NULL,
  `note` text DEFAULT NULL,
  `created_at` timestamp NOT NULL DEFAULT current_timestamp(),
  `transaction_code` varchar(100) DEFAULT NULL,
  `payment_method` varchar(50) DEFAULT NULL,
  `paid_at` datetime DEFAULT NULL
) ENGINE=InnoDB DEFAULT CHARSET=utf8mb4 COLLATE=utf8mb4_general_ci;

--
-- Đang đổ dữ liệu cho bảng `enrollments`
--

INSERT INTO `enrollments` (`enrollment_id`, `student_id`, `class_id`, `enroll_date`, `status`, `total_fee`, `discount_percent`, `final_fee`, `paid_amount`, `payment_status`, `attended_sessions`, `remaining_sessions`, `note`, `created_at`, `transaction_code`, `payment_method`, `paid_at`) VALUES
(1, 3, 1, '2026-05-05', 'studying', 3000000.00, NULL, 3000000.00, 3000000.00, 'paid', 20, 20, NULL, '2026-05-04 20:10:12', NULL, NULL, NULL),
(2, NULL, 2, '2026-05-06', 'studying', 2000000.00, 0, 2000000.00, 0.00, 'unpaid', 0, 20, NULL, '2026-05-06 15:56:31', NULL, NULL, NULL),
(3, 4, 3, '2026-05-06', 'studying', 2000000.00, 0, 2000000.00, 2000000.00, 'paid', 1, 20, NULL, '2026-05-06 15:59:51', NULL, NULL, NULL),
(6, 3, 3, '2026-05-08', 'studying', 2000000.00, 0, 2000000.00, 2000000.00, 'paid', 0, 20, NULL, '2026-05-08 16:28:05', '15530584', 'VNPay', '2026-05-09 03:54:07'),
(7, 5, 4, '2026-05-09', 'studying', 2000000.00, 0, 2000000.00, 2000000.00, 'paid', 0, 20, NULL, '2026-05-09 07:12:20', '15531141', 'VNPay', '2026-05-09 17:04:04'),
(8, 1, 4, '2026-05-09', 'studying', 2000000.00, 0, 2000000.00, 2000000.00, 'paid', 0, 20, NULL, '2026-05-09 09:57:34', NULL, NULL, NULL),
(9, 2, 5, '2026-05-10', 'studying', 2000000.00, 0, 2000000.00, 2000000.00, 'paid', 1, 19, NULL, '2026-05-10 13:00:31', NULL, NULL, NULL),
(10, 3, 5, '2026-05-10', 'studying', 2000000.00, 0, 2000000.00, 2000000.00, 'paid', 0, 20, NULL, '2026-05-10 13:10:34', '15532138', 'VNPay', '2026-05-10 20:12:46'),
(11, 2, 1, '2026-05-15', 'studying', 3000000.00, 0, 3000000.00, 1000000.00, 'partial', 3, 19, NULL, '2026-05-15 10:22:18', NULL, NULL, NULL),
(12, 3, 7, '2026-05-16', 'studying', NULL, 0, 0.00, 0.00, 'unpaid', 0, NULL, NULL, '2026-05-16 08:44:08', NULL, NULL, NULL),
(13, 1, 7, '2026-05-17', 'studying', NULL, 0, 0.00, 0.00, 'unpaid', 0, NULL, NULL, '2026-05-17 07:41:20', NULL, NULL, NULL),
(14, 2, 8, '2026-05-17', 'studying', 2000000.00, 0, 2000000.00, 2000000.00, 'paid', 3, 20, NULL, '2026-05-17 07:41:47', '15542763', 'VNPay', '2026-05-17 14:56:15'),
(15, 2, 4, '2026-05-18', 'studying', 2000000.00, 0, 2000000.00, 0.00, 'unpaid', 0, 20, NULL, '2026-05-17 19:25:01', NULL, NULL, NULL),
(16, 2, 9, '2026-05-18', 'studying', 5000000.00, 0, 5000000.00, 0.00, 'unpaid', 1, 19, NULL, '2026-05-17 19:28:19', NULL, NULL, NULL),
(17, 2, 10, '2026-05-18', 'studying', 2000000.00, 0, 2000000.00, 0.00, 'unpaid', 1, 19, NULL, '2026-05-17 19:42:42', NULL, NULL, NULL);

-- --------------------------------------------------------

--
-- Cấu trúc bảng cho bảng `face_data`
--

CREATE TABLE `face_data` (
  `face_id` int(11) NOT NULL,
  `user_id` int(11) NOT NULL,
  `image_path` varchar(255) DEFAULT NULL,
  `face_embedding` longtext DEFAULT NULL,
  `is_active` tinyint(1) DEFAULT 1,
  `created_at` datetime DEFAULT current_timestamp()
) ENGINE=InnoDB DEFAULT CHARSET=utf8mb4 COLLATE=utf8mb4_general_ci;

--
-- Đang đổ dữ liệu cho bảng `face_data`
--

INSERT INTO `face_data` (`face_id`, `user_id`, `image_path`, `face_embedding`, `is_active`, `created_at`) VALUES
(2, 3, NULL, '[-0.00010913154659816706, 0.018870234455667056, 0.04532494644504584, -0.05984551967486491, 0.020179870876578944, -0.008476823484466474, -0.011296507540585728, -0.08313749838696301, -0.004546608441227289, 0.030757783451912893, -0.027055182963780764, 0.014645845405310753, -0.05393679327683413, -0.0012908490167486113, -0.012771284510300475, -0.005267088557710154, 0.05504605348327981, -0.06542404644135633, -0.03538981635225344, 0.0380119907701683, 0.06519652912355543, -0.11004236622576058, 0.0020581880282050827, -0.08295751849391267, 0.04152351769162224, 0.017974176753654352, -0.046364540034723546, -0.03525454225147789, -0.0726855486003721, -0.04434439873105042, -0.022686222057056837, -0.016849727651629582, 0.00871793235410172, 0.025973395035617998, -0.057512656626290744, -0.0046854947242717096, 0.01612873893929697, 0.020629936947849366, -0.013380524844839033, -0.0993985268448617, -0.036314801277564396, 0.04819214657604898, -0.08414705913121524, 0.047467329183049564, -0.031977257868652, -0.02939827305808458, 0.02354510282067185, 0.09386058450969702, -0.06369104257751738, 0.04993820364403947, -0.051269592953197406, 0.04503393740627896, 0.009008663457519451, -0.0022447718818117803, -0.003992348586082519, -0.0239036778296006, -0.0001972337728059778, 0.022200714860319392, 0.02482949837405618, 0.014476008041499481, 0.003475788587452458, -0.011352207954869709, 0.06768323195607137, 0.020492082386946477, -0.002394656461831555, -0.03814408619040738, -0.02023971775163099, 0.03151337152362839, 0.00029946932704036133, -0.05754852305717734, -0.0037252571514193714, -0.009332639603518652, 0.09905322455639429, 0.008899807997010935, 0.05297909726926283, -0.05841854125996764, -0.038957732153758536, -0.030777643914837605, 0.015062763996630013, -0.06416554158724062, 0.04407364161075241, 0.0022417299266744625, -0.017113601039279183, 0.002807329182358959, -0.02756332733238505, 0.02807412758945294, -0.04164962162843573, -0.026478536777344946, -0.01640706807149927, 0.008922617596532933, -0.031051456554443774, 0.007087242370389277, 0.03374297845284004, -0.0004958211578709197, -0.023701934961839838, -0.009034719243142256, -0.028172104057661053, -0.06042323832624035, 0.028257757162874583, -0.040913839945446215, 0.00058524907621695, -0.056221126290750593, -0.0014805184571274519, -0.08267811685869016, 0.05108809713850764, 0.026800229584709054, -0.04584255520838257, 0.004185259932801764, -0.009581917977466513, -0.002815310397298106, 0.05154297219955233, 0.07299168285377673, 0.07696031563445205, -0.02595140365930831, -0.02704273069085928, 0.010049156108138177, -0.06575221833295893, 0.03152163718438095, -0.017238504086514242, 0.008263913832319789, -0.049019223500818776, 0.018530771196829696, 0.053772296291436796, -0.13470401067000834, 0.0037792285652695785, 0.022994687230448924, 0.02972536063240698, -0.1161670808050414, -0.005876383669844122, -0.0883609998046823, 0.007575286909299229, -0.04292724533576049, -0.04369191508048707, 0.0017947514331057505, -0.008328705402965455, 0.027577171073736192, -0.041418686698511425, 0.06432600982118641, 0.07166841385336348, -0.07457612988808852, 0.009769123344322443, 0.035720639650713204, 0.02667311785779236, -0.04903359952397437, 0.031052917548418154, -0.06374320460408506, 0.08551899674472593, 0.006997373870083182, -0.0535130656283866, -0.021021537682869518, -0.02649094367300708, 0.019755638453719943, -0.03898972837535291, -0.06425466880348076, 0.05485256872852192, 0.04019673198300928, 0.03489817022114152, -0.05237130199527326, 0.044305509480608095, -0.02474474564810256, -0.0026921650342196586, -0.004640187300569493, -0.04415981954540238, 0.02016459502773228, -0.031656532053610804, 0.028456567071974706, 0.004807025776544092, -0.09877762370320631, 0.017174665450167218, 0.1210737107805241, -0.056411582415324756, -0.008541061606087023, -0.01885934440428169, 0.036714627061221784, -0.07032157167550315, 0.02818341094522512, 0.028000297934360655, -0.002483884649491454, 0.045831544071485486, 0.0067660877812724205, 0.0236296905017588, -0.02209196520822197, -0.04524568549097257, -0.0012119124640776729, -0.008394017514201744, 0.009994960875320499, 0.008801729785576279, 0.008737067742337845, -0.014489954289092178, 0.034590884041945325, 0.05009954312488626, -0.00619716055878413, -0.021247612226161, 0.040184216685274055, -0.013027262021171734, -0.012820478192205104, 0.04241527518242945, 0.074149697748841, 0.08407903006513993, -0.04982063980822392, 0.0018512807656480966, 0.06835835428866466, -0.005418975625271641, 0.027117021933562906, 0.08703921832700598, -0.03851097574686542, -0.005403858488922216, 0.04959495656443145, 0.06680723378675542, -0.042664677836008136, -0.08597364994417418, 0.05130244146223849, 0.025206640696500696, 0.07180438537329714, -0.08369066821362622, -0.0035228597182467656, -0.06294576379051048, -0.013856230962258501, -0.04303033941975369, 0.02103205813292108, 0.020361244964829335, -0.015481354568937357, 0.03728908844501267, 0.009691405215426023, -0.011950897561957163, -0.04645565812063173, -0.005215386294652703, -0.007944540916096043, -0.11278692410843326, 0.07651114475537064, -0.007299773308501017, 0.041194015425239316, 0.05386975165770688, 0.06492637906300268, -0.06322211382365277, -0.02120128514510119, 0.032506288982895745, 0.009671034089515244, -0.041775292401141424, -0.010269932427406247, 0.020290269164761014, 0.011888807737069663, 0.07578798006995079, 0.01731616440333907, -0.006948709726491011, -0.03862808624601856, 0.0493037976122279, 0.052987146028806546, 0.007274215763154711, -0.05807539682000404, 0.052887108543071694, -0.012456889816774544, 0.09223877928776109, 0.0018539827918162104, 0.009884585524002511, 0.047753461253760614, 0.008184830719692018, 0.038090929182980106, 0.06038141173984545, -0.024976327437967072, -0.011310902313118928, -0.011977502198776357, 0.05620552294635553, 0.08755886961236536, 0.014038827689182852, -0.03342431625642554, 0.05900870961475318, 0.09255342000486921, 0.0578341460626997, 0.020301899777639736, 0.0396437665019165, -0.022269808302566793, -0.04103982162976113, -0.018205102560046378, 0.059385449692561064, -0.025126312721869024, -0.02737840059096828, 0.1030014902499619, -0.035785774911608795, 0.033044462243023986, -0.04471856977324366, 0.01788535077293753, 0.04776019596177069, -0.038219603298606734, 0.0010202174406143945, -0.004718060312091337, 0.005939537791827223, 0.0341914744874672, 0.024617974622418583, 0.0287409317503293, -0.019893154325572877, 0.02587598510776083, 0.022948513055879943, -0.02378396100742042, 0.03947976388253205, 0.013609329744468556, -0.03467052865472151, -0.0952741289686494, -0.03050218443372212, 0.014120244173761178, 0.05099523301096617, 0.11227326485080806, 0.06646551794147353, 0.016379533830808944, -0.0022821331223362128, -0.001799006507899635, 0.034667686969280506, 0.013016601900816247, -0.0028321000121432193, -0.009691362375887662, -0.009914235979088965, 0.03115253717906631, -0.056791407635579716, -0.05669649177696872, -0.006237224049247199, -0.05239005229505446, 0.01197733576354483, -0.028773973608233007, 0.00220187226876396, -0.010180987856088662, 0.02505943360425491, 0.006524990706028781, 0.010982921846309847, 0.06615821073081127, 0.08301922699918829, -0.036153803209882096, -0.060284504990512355, -0.03652733333360133, -0.029169136451239187, -0.008405280692862241, -0.13352786819639514, 0.03422268114639448, 0.012559924975869538, -0.013640006566200957, -0.02550514947261174, -0.0653385520530208, 0.025281776412090753, -0.10830227791923955, 0.015870013228824552, -0.017293622548679135, 0.01940109847911995, -0.004965429776226617, 0.027446132183549438, -0.006898533087585115, 0.06975645849954337, 0.03549623738357771, -0.05837109782605136, -0.08519477710799626, -0.07492414277153027, 0.045321901556127656, 0.037209085435624865, 0.011545667567229917, 0.03730505608513481, -0.03855706524357688, 0.05084322994177914, -0.027022482331240907, -0.028799522556679873, -0.026471067711304443, -0.04161231574970084, -0.02280147834284874, 0.00910889185068771, 0.016996782537152366, 0.02173907910548088, -0.028577302055843384, -0.004469226808561956, -0.0017909514302773483, 0.038623668285836375, 0.03573842829148809, 0.0359326730811531, 0.01057014298673234, 0.017630576223564405, 0.03282340318439155, -0.08922414198532014, 0.01568638306350243, 0.003681083033586329, 0.04250823359968758, -0.0487593831477251, -0.027540695125188724, 0.043990143250340535, 0.06645981138059166, -0.023182666595009532, -0.05826289008757705, -0.03183060280944714, -0.09310229739188046, -0.010050932211326257, -0.005937500080643255, 0.06960604554378831, -0.047351039975063465, -0.04340798426649892, -0.06330240475194855, 0.01649116008699146, 0.043975449378276264, -0.018955016896072818, 0.03144395285381739, 0.012916588244434809, -0.040735097773025884, 0.04495728723911752, 0.048684580744614694, -0.07187566918145216, -0.05696534900192979, -0.025479601534725574, 0.0047831003098642, 0.02452030524440482, 0.01528381509856845, -0.021230526437461966, -0.0077472037034471445, -0.03528483833717971, 0.04989256852515838, -0.06218458946901817, -0.046723462474549296, 0.08560622453913484, -0.021502377127171183, -0.030419058121674485, 0.009670059487262708, -0.05642079832898541, 0.019203469402932098, -0.08162151546764147, -0.024755867534184628, 0.011807854812048102, 0.027266831012970463, -0.03902384631377673, 0.035004990980402606, -0.03697922193730705, 0.07626093870585965, 0.004239377123077627, -0.010997533698488797, -0.042961389546634025, -0.0664195794362473, 0.03387920999819479, -0.019694569016701455, 0.05767188562385365, -0.040367603355035316, -0.02564737203354123, -0.037826754769971514, 8.43149954908495e-05, 0.007620578383102197, 0.04491930735226021, 0.08443518204233444, -0.026551021101492885, -0.021877370011300298, 0.030308403755735153, -0.009634111822108365, -0.005797419687348376, -0.06871038188228588, -0.010312508098504303, 0.07458775272255554, -0.036492101580234526, 0.003668332371518972, 0.029635470081610188, 0.026042545433072335, -0.1370709083988876, -0.06978321492855796, -0.03204681342875694, -0.015085364639698378, -0.07283944238556679, -0.033658022820396594, -0.07497236701467416, 0.11632624773429663, 0.03734545208062069, -0.028893484742451063, 0.04387610145151742, 0.007731912717488342, 0.0041920668358642905, -0.0006827017101118636, -0.03444025844723759, -0.011117985800858968, 0.01079784234831374, -0.07684641666729296, -0.020572836658606285, 0.02823538635353455, -0.008656599235919793, 0.002848865504754713, -0.022173817206723224, -0.05373349329548505, -0.014455780152075055, 0.011446896327869549, -0.04349730966313255, 0.024876113905749495, -0.09690538792722891, -0.012831520739271523, -0.03876160060359388, -0.028426372696771722, 0.02836591991260136, -0.0028137332150789604, 0.02902994936277085, 0.045405069385200746, 0.05506136713531547, 0.0018056284220024277, -0.030868241557828056, -0.014440513937573177, -0.03690395422223989, -0.012272968713536047, -0.06293568132036212, -0.06339685302386677, -0.0766776321172573, -0.01854484571718462, 0.015924142187112647, 0.0753687130720228, 0.0345839582279688, 0.06400169728829093, -0.04930812277205165, 0.007506209058009084, 0.03375714284069155, 0.007198526976810144, 0.026423034328056313, -0.028848624498147617, 0.038120617911815466, -0.08231530285626898, 0.010946074280815116, 0.022158956530174276, -0.08443970832460847, -0.010219103399754957]', 1, '2026-05-18 02:19:56'),
(3, 5, NULL, '[0.011694468086704253, -0.015777587785105237, -0.003788534819282216, 0.010445761972984875, -0.08309108517645261, 0.0027056976683030023, 0.04235422477115526, 0.01439823089308099, 0.07317258785978965, -0.014383887201287963, 0.05621241997576129, -0.0548782255643568, 0.008099089009162501, -0.0004124210721453272, -0.022036211088296207, 0.003322199056169166, 0.07096592199408497, -0.027326209005002874, 0.015825755124616984, 0.019128560352787635, -0.03606107654160586, 0.006217815267175274, -0.01342085849183066, -0.008095921067967804, -0.11308205015250318, -0.020173175201518706, 0.03301202929607265, 0.020112348765642524, 0.004584768287215575, 0.06547163518672398, 0.09379319114096608, 0.03728906660573564, -0.022580447258377406, -0.05353936476440624, -0.0731684468214485, -0.010122881919608886, 0.01689566161342855, -0.027342532085992965, -0.02644041176579791, 0.0804579414169817, 0.00882674385795139, 0.036886210882334784, -0.008803930995726302, -0.039549845658475885, -0.025018787417349576, 0.04657526447309889, 0.0692539887315276, 0.00818075688765073, 0.029652124071840435, 0.07379549037478603, -0.01934134961499481, -0.012956012099043318, -0.01969438513436825, 0.021921164988465486, 0.04230364097994069, 0.09252722935301323, -0.009140820865062738, 0.0064604060244035375, 0.04693662461397082, -0.001776971373527414, 0.03447152150142969, -0.03406692239398748, -0.004262767680076234, -0.11312948280874784, 0.06473786797644945, 0.019474588250879526, -0.02858199839031178, 0.035749676163877926, -0.03528709473213579, -0.040741951622512006, -0.030142460133077503, -0.02960011385598408, -0.020603751985773973, -0.031712592124198385, 0.05108049153095228, -0.0362655580446258, -0.06955839784206497, 0.04238588541099397, -0.039147166150640615, 0.041580099517840294, -0.03658882103204137, 0.0007464657107883055, 0.02002220791364193, 0.03511452956350488, -0.061872524074096234, -0.010338157180208828, -0.028540670170161576, -0.043717350619446226, 0.011950961878047024, 0.03761619585706168, -0.046886401836036505, 0.07776050434152246, 0.03628954272179621, -0.053482488327060325, -0.019511681507860583, 0.06702932466594733, 0.016133538352141697, -0.010415254438109494, -0.06556949548796318, 0.010133511838879264, -0.008172502598572016, 0.03120444870563245, 0.05003401491333212, -0.025032021542044803, -0.014046277643207183, -0.06381041211202393, 0.058411929769740856, 0.025574323476984934, 0.003629818756545001, 0.055874531746553754, 0.05011807510580247, 0.04261884439194167, 0.08581997421860217, 0.047758614381079145, -0.030143638778143474, -0.010565283143038482, 0.03142236596253201, 0.032599537439015586, 0.0026736188345066686, 0.03624820435129585, -0.08065252023492428, 0.02447526590077164, 0.003418074489411442, -0.0019829939414551744, 0.021795775426499433, 0.08892157300683429, 0.004076216444617433, -0.05338508707010739, -0.043152523236917775, -0.0366356490478858, -0.012890371672787403, -0.054591456184635595, 0.061776796721528165, -0.06962170326215861, -0.10394838756233933, 0.004374177700881711, -0.006369239360976078, 0.03622370516256003, -0.05668279727866198, 0.024631861992854453, 0.020194002276439523, 0.06530451065651222, -0.016745616145673655, 0.05349123882822633, 0.02723345841930869, -0.0941777017007929, 0.019473714046431636, -0.007404197127392182, -0.05319717774842093, -0.03951484376226496, 0.03322099552003756, 0.0054927512802584065, -0.04619342616105302, 0.024961657601449652, -0.04444417002918853, 0.03640484070707272, 0.02247409142493876, 0.00783346062865451, -0.06626181185806755, 0.006378790375205055, 0.07856414492831684, -0.002652416097592673, 0.02904867619212545, 0.00402431002192413, -0.0007342487304978532, -0.00858592895506874, -0.05809345983633461, -0.02145285124170527, -0.008168729012996952, 0.02375596850093547, -0.010934729925532363, 0.031255173906082, -0.05252091092961719, -0.006198883939357066, 0.0028466189109689925, -0.026286779238621612, -0.049033724935787164, -0.05781228236623735, -0.07523126315483357, -0.03264683411044185, -0.02011889594986654, -0.04941524994223645, 0.02500319909577612, -0.03525634887371957, -0.058253251925712575, -0.017313033678762316, 0.049802458444021994, 0.041196191884377696, 0.02704538185437589, 0.020409175439682025, 0.020819440578137557, 0.024348185201277274, 0.00969090063766412, -0.0369753073435765, 0.0035698866056087797, -0.03530792709328853, 0.03343390372672999, -0.08861805239822594, 0.05774033927335313, 0.08890361421958722, 0.029999469400087995, -0.02920614896263179, 0.08489830337330959, 0.057160989396414175, 0.03865064841585555, 0.06632507139211265, -0.03139791660958073, 0.08269368126803484, 0.01373756945593826, -0.0072836671893606085, -0.06081994463138948, -0.08345038424368059, 0.0026408543336484762, 0.05443263677875802, -0.03134906634147819, 0.005886799650642784, -0.05218287581954201, -0.08163943062672453, 0.04591060925058905, -0.043302875139701026, 0.02732304747117847, 0.044799462636792, 0.02094734349006053, -0.05038205187455242, 0.03749789183864632, 0.036918019375615715, -0.09389392811936598, -0.032979192701076306, 0.01210233082108064, -0.018284351363082357, -0.00138761569779906, -0.050178850288442864, -0.01570691602505749, 0.014036059214304104, -0.012778398503539944, 0.024289442786281014, 0.008690147761468665, 0.03550456860722603, -0.057718073930538114, 0.0091946910333768, -0.09493190520801546, 0.009262179001846378, -0.059451997751870954, -0.02655575051653153, -0.04321913541606345, -0.04425330137458116, -0.02094697384084325, -0.02635263286095801, 0.010305389189155677, -0.043613270406186094, 0.09215981316619976, 0.01534832363848011, 0.089530965787161, -0.032221603741123386, 0.028189525774604148, 0.12183617251886215, 0.020204639605981303, -0.002300424617310289, 0.0883887342967059, 0.02000929100534926, -0.048964476242108035, -0.09982493913159703, -0.025460882756728004, 0.07796497752164903, -0.035235137698564824, 0.030862278224610535, 0.011682386091675627, -0.0036493917701702627, 0.005492721010137954, 0.025352861823639324, 0.006956245474415366, -0.02668992579305793, -0.022000789639896105, -0.06894993896977682, -0.024254472225614165, 0.0874053375025575, -0.017132334105270555, 0.02936241359850056, 0.07235259880433305, 0.05321182886871236, 0.06393306719887423, -0.0017339931299901442, 0.006040248937760972, -0.020409626041342135, -0.020488667713507446, -0.004377747270533217, 0.06375814029116258, 0.009413431730481588, 0.013001485605137258, 0.03612530653462336, -0.015340447042809147, 0.05921338088970657, -0.01363064809391484, -0.058792984155556054, 0.03405840264080951, -0.013414862962852055, 0.02555389371242325, 0.017423536194900877, -0.10684051495420678, 0.04530569896560395, 0.023799454977841736, 0.06976002587864287, 0.0417679286315895, -0.06047842784379592, -0.06396331245415139, 0.04689453083442922, -0.043160528750246785, -0.049388963245925906, 0.026254306211056407, -0.043866609649148305, -0.06577647977452546, -0.0502073261760483, 0.02399805441320968, 0.05985656030050124, -0.015512906412292717, 0.023797887377459904, -0.025348133218529894, -0.03644003041338193, 0.028702180015937533, -0.08098778251948117, -0.02049045259911664, -0.004438818118374368, -0.030669224678527965, 0.058314211431094165, -0.07393433450735425, 0.06823117595671006, 0.05054967768279239, 0.0450946475614877, -0.009603104590212788, -0.008882832810948689, -0.0902655345829977, -0.005128537576250733, 0.01804945287963744, -0.03601357424661955, 0.010710599733155657, -0.027533768671546544, -0.023119728259782004, 0.07460455793612826, -0.027495339106810828, 0.0354266567820185, -0.04922997577096231, 0.0075720543734155875, 0.05859200532320824, -0.047539493217225, -0.02082423811969162, -0.053745874798112096, 0.02601126736732431, -0.03566339311608676, -0.007110680503855766, 0.029599592988556533, 0.08040761380695327, 0.018703506366485573, -0.011100770420684723, -0.033224842123172865, 0.027409929697523098, -0.09069112835712982, -0.004023522114028246, 0.056546248057973945, -0.026929314909385983, 0.01210517933486836, 0.00032747861466618484, -0.054064672744305875, 0.08542257466961305, 0.024088028055065255, 0.029773857606257358, 0.016502189080073303, -0.08119692096088589, 0.016971492397883058, -0.0036230516903803635, 0.10014941080432471, -0.02481004719560384, 0.01573527894411114, -0.031229523123568935, -0.0736685650174702, 0.00024420638123057647, -0.014487038177913492, -0.07942318951318818, -0.033121831766917784, -0.05189327929503419, 0.09212474046859435, -0.006350942209932109, -0.05192297529483436, 0.035742145652693014, -0.006185325237801756, -0.07171918043932976, 0.008508750834172322, 0.06256686138910009, -0.08603113083384896, -0.007793852820109116, 0.008301674731312096, -0.06566470359912951, 0.04806039932087952, 0.006226082975551188, 0.01857449111422309, 0.05120656807603146, 0.06383283411696351, 0.007293306877482381, 0.0051421790151557215, -0.03726413565083959, 0.01758258010188491, -0.045205145519342946, -0.020339275544718056, -0.015148505124011068, 0.03198101628760752, -0.0036921743033715626, 0.09104454531159148, 0.08239432570282695, -0.08799757927315278, -0.06947762149053223, -0.07385368987726716, -0.02540409426772849, 0.020847743883244178, 0.042107151974918565, -0.059843165946966384, 0.0178222098994446, -0.02729321646729733, 0.05884832171011965, -0.07296258664154937, 0.0534838106883849, 0.03778888157144947, -0.024062692723093828, -0.039246565142640695, -0.004132078151691094, 0.08204855073727026, 0.02278201033030175, -0.004197709024211832, -0.04811819651155539, 0.0707799220425195, 0.004910817385660384, 0.05631476971174039, -0.02090416064899341, -0.02443883440698986, 0.019674981243334957, 0.0031792903574681505, 0.04192300970237649, 0.02378550360999222, -0.006107079537251961, 0.03682637596829313, -0.0403440566116559, -0.016759248346768243, 0.009467928300691595, 0.004284744359904268, -0.04046934094657826, -0.03474499100116097, 0.054725755740092155, -0.024192296752540882, -0.05316322599864579, -0.07868797861800254, -0.06085065830267557, -0.01070285725490072, 0.035873169956255356, 0.028865654715876623, -0.0684158401539144, 0.021365648238863732, -0.06327025563869067, -0.023729738818749648, -0.024971924241386452, -0.13158821448667185, -0.020938082722646696, 0.0065837548789251, 0.00029551132567721733, 0.026638182130547326, 0.02230372627400008, 0.0629128655852722, 0.047648485199152775, 0.06478346767363674, -0.03201196378374267, 0.012717419091838768, 0.007512016995441688, -0.052393571586301924, 0.008264715228590987, -0.05378976374152769, 0.012077460873692993, -0.00020587611002025538, 0.015363404030368897, -0.012153539589140576, -0.04289113884539588, 0.029547908583210145, 0.031191810877308587, -0.03035321008064795, -0.029440471245817782, 0.0004276596201560918, 0.044193604984069865, 0.04368574307192492, 0.05703955988433078, -0.023056795062895354, -0.0011475566735860978, 0.06041373370932432, -0.01482371082560136, 0.013870566885702906, -0.018487716731744534, 0.09579286651175209, 0.010450439280239457, -0.010119029235751578, -0.010022514991316612, 0.004253543748877418, -0.034205963493149735, -0.040946302145871874, 0.003237929560409778, 0.03133623538267559, 0.015173512651713053, 0.06262997556183186, 0.008909114076572381, -0.001134468005055312, -0.024461864808067047, 0.08719790701752106, -0.029253257520531817, -0.04282339475949284, -0.019029568432030165, 0.005588310134136491, -0.022950434391583365, 0.01483844158554324]', 1, '2026-05-18 02:24:33');

-- --------------------------------------------------------

--
-- Cấu trúc bảng cho bảng `notifications`
--

CREATE TABLE `notifications` (
  `notification_id` int(11) NOT NULL,
  `user_id` int(11) NOT NULL,
  `type` varchar(50) DEFAULT NULL,
  `title` varchar(255) DEFAULT NULL,
  `message` text DEFAULT NULL,
  `reference_id` int(11) DEFAULT NULL,
  `is_read` tinyint(1) DEFAULT 0,
  `created_at` timestamp NOT NULL DEFAULT current_timestamp()
) ENGINE=InnoDB DEFAULT CHARSET=utf8mb4 COLLATE=utf8mb4_general_ci;

-- --------------------------------------------------------

--
-- Cấu trúc bảng cho bảng `packages`
--

CREATE TABLE `packages` (
  `package_id` int(11) NOT NULL,
  `course_id` int(11) DEFAULT NULL,
  `name` varchar(100) DEFAULT NULL,
  `total_sessions` int(11) DEFAULT NULL,
  `price` decimal(10,2) DEFAULT NULL,
  `status` enum('active','inactive') DEFAULT NULL
) ENGINE=InnoDB DEFAULT CHARSET=utf8mb4 COLLATE=utf8mb4_general_ci;

--
-- Đang đổ dữ liệu cho bảng `packages`
--

INSERT INTO `packages` (`package_id`, `course_id`, `name`, `total_sessions`, `price`, `status`) VALUES
(1, 1, 'Nền tảng', 20, 3000000.00, 'active'),
(2, 1, 'Thực chiến', 20, 2000000.00, 'active'),
(3, 3, 'Level 1 ', 20, 2000000.00, 'active'),
(4, 6, 'Level   1', 20, 2000000.00, 'active'),
(5, 4, 'Level 1', 20, 5000000.00, 'active'),
(6, 2, 'Level 2 ', 20, 2000000.00, 'active');

-- --------------------------------------------------------

--
-- Cấu trúc bảng cho bảng `parents`
--

CREATE TABLE `parents` (
  `parent_id` int(11) NOT NULL,
  `user_id` int(11) NOT NULL,
  `address` text DEFAULT NULL,
  `status` tinyint(1) DEFAULT 1,
  `created_at` timestamp NOT NULL DEFAULT current_timestamp()
) ENGINE=InnoDB DEFAULT CHARSET=utf8mb4 COLLATE=utf8mb4_general_ci;

-- --------------------------------------------------------

--
-- Cấu trúc bảng cho bảng `parent_student`
--

CREATE TABLE `parent_student` (
  `id` int(11) NOT NULL,
  `parent_id` int(11) NOT NULL,
  `student_id` int(11) NOT NULL,
  `relationship` varchar(50) DEFAULT NULL,
  `created_at` timestamp NOT NULL DEFAULT current_timestamp()
) ENGINE=InnoDB DEFAULT CHARSET=utf8mb4 COLLATE=utf8mb4_general_ci;

-- --------------------------------------------------------

--
-- Cấu trúc bảng cho bảng `payroll_current_month`
--

CREATE TABLE `payroll_current_month` (
  `id` int(11) NOT NULL,
  `teacher_id` int(11) NOT NULL,
  `salary_type` enum('per_session','fixed') NOT NULL,
  `level_name` varchar(50) DEFAULT NULL,
  `month` int(11) NOT NULL,
  `year` int(11) NOT NULL,
  `total_sessions` int(11) DEFAULT 0,
  `late_sessions` int(11) DEFAULT 0,
  `absent_sessions` int(11) DEFAULT 0,
  `base_salary` decimal(12,2) DEFAULT 0.00,
  `total_bonus` decimal(12,2) DEFAULT 0.00,
  `total_penalty` decimal(12,2) DEFAULT 0.00,
  `final_salary` decimal(12,2) DEFAULT 0.00,
  `status` enum('draft','confirmed','paid') DEFAULT 'draft',
  `updated_at` timestamp NOT NULL DEFAULT current_timestamp() ON UPDATE current_timestamp()
) ENGINE=InnoDB DEFAULT CHARSET=utf8mb4 COLLATE=utf8mb4_general_ci;

-- --------------------------------------------------------

--
-- Cấu trúc bảng cho bảng `rooms`
--

CREATE TABLE `rooms` (
  `room_id` int(11) NOT NULL,
  `name` varchar(100) DEFAULT NULL,
  `capacity` int(11) DEFAULT NULL,
  `status` enum('active','inactive') DEFAULT NULL,
  `created_at` timestamp NOT NULL DEFAULT current_timestamp()
) ENGINE=InnoDB DEFAULT CHARSET=utf8mb4 COLLATE=utf8mb4_general_ci;

--
-- Đang đổ dữ liệu cho bảng `rooms`
--

INSERT INTO `rooms` (`room_id`, `name`, `capacity`, `status`, `created_at`) VALUES
(1, 'Phòng 3.01', 15, 'inactive', '2026-05-04 20:01:11'),
(2, 'Phòng 2.02', 8, 'active', '2026-05-04 20:01:11'),
(3, 'Phòng 2.01', 8, 'active', '2026-05-04 20:01:11'),
(6, 'Phòng 1.03', 10, 'active', '2026-05-04 20:01:11'),
(9, 'Phòng 1.02', 10, 'active', '2026-05-04 20:01:11'),
(10, 'Phòng 1.01', 10, 'active', '2026-05-04 20:01:11'),
(11, 'Phòng 3.02', 8, 'active', '2026-05-08 12:13:16');

-- --------------------------------------------------------

--
-- Cấu trúc bảng cho bảng `salary_levels`
--

CREATE TABLE `salary_levels` (
  `id` int(11) NOT NULL,
  `type` enum('per_session','monthly') NOT NULL,
  `level` int(11) NOT NULL,
  `level_name` varchar(50) DEFAULT NULL,
  `amount` decimal(12,2) NOT NULL,
  `requirement_sessions` int(11) DEFAULT 0,
  `is_active` tinyint(1) DEFAULT 1,
  `effective_from` date DEFAULT NULL,
  `created_at` timestamp NOT NULL DEFAULT current_timestamp()
) ENGINE=InnoDB DEFAULT CHARSET=utf8mb4 COLLATE=utf8mb4_general_ci;

--
-- Đang đổ dữ liệu cho bảng `salary_levels`
--

INSERT INTO `salary_levels` (`id`, `type`, `level`, `level_name`, `amount`, `requirement_sessions`, `is_active`, `effective_from`, `created_at`) VALUES
(1, 'per_session', 1, 'bậc 1 - cơ bản', 50000.00, 0, 1, '0000-00-00', '2026-05-14 10:46:35'),
(2, 'per_session', 2, 'bậc 2 - trung cấp', 100000.00, 30, 1, '0000-00-00', '2026-05-14 10:46:35'),
(3, 'per_session', 3, 'bậc 3 - khá', 120000.00, 60, 1, '0000-00-00', '2026-05-14 10:46:35'),
(4, 'per_session', 4, 'bậc 4 - thành thạo', 140000.00, 90, 1, '0000-00-00', '2026-05-14 10:46:35'),
(5, 'per_session', 5, 'bậc 5 - già dặn', 160000.00, 120, 1, '0000-00-00', '2026-05-14 10:46:35'),
(6, 'monthly', 6, 'kiểm toán', 8000000.00, 0, 1, '2026-04-20', '2026-05-14 10:46:35');

-- --------------------------------------------------------

--
-- Cấu trúc bảng cho bảng `schedules`
--

CREATE TABLE `schedules` (
  `schedule_id` int(11) NOT NULL,
  `name` varchar(100) DEFAULT NULL,
  `code` varchar(50) DEFAULT NULL,
  `status` enum('active','inactive') DEFAULT 'active'
) ENGINE=InnoDB DEFAULT CHARSET=utf8mb4 COLLATE=utf8mb4_general_ci;

--
-- Đang đổ dữ liệu cho bảng `schedules`
--

INSERT INTO `schedules` (`schedule_id`, `name`, `code`, `status`) VALUES
(1, 'T2-T4', '2-4', 'active'),
(2, 'T3-T5', '3-5', 'active'),
(3, 'T2-T5', '2-5', 'active'),
(4, 'T3-T4-T6', '3-4-6', 'active'),
(5, 'T7-CN', '7-1', 'active'),
(6, 'T6-T7-CN', '6-7-1', 'active'),
(7, 'T2-T3', '2-3', 'active'),
(8, 'T2-T6', '2-6', 'active'),
(9, 'T2-T7', '2,7', 'active'),
(11, 'T3-T7', '3,7', 'active');

-- --------------------------------------------------------

--
-- Cấu trúc bảng cho bảng `schedule_days`
--

CREATE TABLE `schedule_days` (
  `id` int(11) NOT NULL,
  `schedule_id` int(11) DEFAULT NULL,
  `day_of_week` int(11) DEFAULT NULL
) ENGINE=InnoDB DEFAULT CHARSET=utf8mb4 COLLATE=utf8mb4_general_ci;

--
-- Đang đổ dữ liệu cho bảng `schedule_days`
--

INSERT INTO `schedule_days` (`id`, `schedule_id`, `day_of_week`) VALUES
(1, 1, 2),
(2, 1, 4),
(3, 2, 3),
(4, 2, 5),
(5, 3, 2),
(6, 3, 5),
(7, 4, 3),
(8, 4, 4),
(9, 4, 6),
(10, 5, 7),
(11, 5, 1),
(12, 6, 6),
(13, 6, 7),
(14, 6, 1),
(15, 7, 2),
(16, 7, 3),
(17, 8, 2),
(18, 8, 6),
(19, 9, 2),
(20, 9, 7),
(23, 11, 3),
(24, 11, 7);

-- --------------------------------------------------------

--
-- Cấu trúc bảng cho bảng `sessions`
--

CREATE TABLE `sessions` (
  `session_id` int(11) NOT NULL,
  `class_id` int(11) DEFAULT NULL,
  `session_date` date DEFAULT NULL,
  `shift_id` int(11) DEFAULT NULL,
  `status` varchar(50) DEFAULT NULL,
  `note` text DEFAULT NULL,
  `lesson_content` text DEFAULT NULL,
  `room_id` int(11) DEFAULT NULL
) ENGINE=InnoDB DEFAULT CHARSET=utf8mb4 COLLATE=utf8mb4_general_ci;

--
-- Đang đổ dữ liệu cho bảng `sessions`
--

INSERT INTO `sessions` (`session_id`, `class_id`, `session_date`, `shift_id`, `status`, `note`, `lesson_content`, `room_id`) VALUES
(1, 1, '2026-05-06', 3, 'done', NULL, NULL, 10),
(2, 1, '2026-05-11', 5, 'done', NULL, NULL, NULL),
(3, 1, '2026-05-13', 5, 'done', NULL, NULL, NULL),
(4, 1, '2026-05-18', 3, 'done', NULL, NULL, NULL),
(5, 1, '2026-05-20', 3, 'done', NULL, NULL, NULL),
(6, 1, '2026-05-25', 3, 'done', NULL, NULL, NULL),
(7, 1, '2026-05-27', 3, 'done', NULL, NULL, NULL),
(8, 1, '2026-06-01', 3, 'done', NULL, NULL, NULL),
(9, 1, '2026-06-03', 3, 'done', NULL, NULL, NULL),
(10, 1, '2026-06-08', 3, 'done', NULL, NULL, NULL),
(11, 1, '2026-06-10', 3, 'done', NULL, NULL, NULL),
(12, 1, '2026-06-15', 3, 'done', NULL, NULL, NULL),
(13, 1, '2026-06-17', 3, 'done', NULL, NULL, NULL),
(14, 1, '2026-06-22', 3, 'done', NULL, NULL, NULL),
(15, 1, '2026-06-24', 3, 'done', NULL, NULL, NULL),
(16, 1, '2026-06-29', 3, 'done', NULL, NULL, NULL),
(17, 1, '2026-07-01', 3, 'done', NULL, NULL, NULL),
(18, 1, '2026-07-06', 3, 'done', NULL, NULL, NULL),
(19, 1, '2026-07-08', 3, 'done', NULL, NULL, NULL),
(20, 1, '2026-07-13', 3, 'done', NULL, NULL, NULL),
(21, 2, '2026-05-04', 3, 'scheduled', NULL, NULL, NULL),
(22, 2, '2026-05-06', 3, 'scheduled', 'conflict', NULL, NULL),
(23, 2, '2026-05-11', 3, 'scheduled', 'conflict', NULL, NULL),
(24, 2, '2026-05-13', 3, 'scheduled', 'conflict', NULL, NULL),
(25, 2, '2026-05-18', 3, 'scheduled', 'conflict', NULL, NULL),
(26, 2, '2026-05-20', 3, 'scheduled', 'conflict', NULL, NULL),
(27, 2, '2026-05-25', 3, 'scheduled', 'conflict', NULL, NULL),
(28, 2, '2026-05-27', 3, 'scheduled', 'conflict', NULL, NULL),
(29, 2, '2026-06-01', 3, 'scheduled', 'conflict', NULL, NULL),
(30, 2, '2026-06-03', 3, 'scheduled', 'conflict', NULL, NULL),
(31, 2, '2026-06-08', 3, 'scheduled', 'conflict', NULL, NULL),
(32, 2, '2026-06-10', 3, 'scheduled', 'conflict', NULL, NULL),
(33, 2, '2026-06-15', 3, 'scheduled', 'conflict', NULL, NULL),
(34, 2, '2026-06-17', 3, 'scheduled', 'conflict', NULL, NULL),
(35, 2, '2026-06-22', 3, 'scheduled', 'conflict', NULL, NULL),
(36, 2, '2026-06-24', 3, 'scheduled', 'conflict', NULL, NULL),
(37, 2, '2026-06-29', 3, 'scheduled', 'conflict', NULL, NULL),
(38, 2, '2026-07-01', 3, 'scheduled', 'conflict', NULL, NULL),
(39, 2, '2026-07-06', 3, 'scheduled', 'conflict', NULL, NULL),
(40, 2, '2026-07-08', 3, 'scheduled', 'conflict', NULL, NULL),
(41, 3, '2026-05-09', 2, 'done', NULL, NULL, 10),
(42, 3, '2026-05-11', 5, 'scheduled', NULL, NULL, NULL),
(43, 3, '2026-05-16', 2, 'scheduled', NULL, NULL, NULL),
(44, 3, '2026-05-18', 2, 'scheduled', NULL, NULL, 2),
(45, 3, '2026-05-23', 2, 'scheduled', NULL, NULL, 2),
(46, 5, '2026-05-11', 5, 'scheduled', NULL, NULL, 11),
(47, 5, '2026-05-16', 3, 'scheduled', NULL, NULL, 11),
(48, 5, '2026-05-18', 2, 'scheduled', NULL, NULL, 11),
(49, 8, '2026-05-16', 3, 'done', NULL, NULL, 10),
(50, 8, '2026-05-17', 5, 'done', NULL, NULL, 11),
(51, 8, '2026-05-22', NULL, 'scheduled', NULL, NULL, NULL),
(52, 8, '2026-05-23', NULL, 'scheduled', NULL, NULL, NULL),
(53, 8, '2026-05-24', NULL, 'scheduled', NULL, NULL, NULL),
(54, 8, '2026-05-29', NULL, 'scheduled', NULL, NULL, NULL),
(55, 8, '2026-05-30', NULL, 'scheduled', NULL, NULL, NULL),
(56, 8, '2026-05-31', NULL, 'scheduled', NULL, NULL, NULL),
(57, 8, '2026-06-05', NULL, 'scheduled', NULL, NULL, NULL),
(58, 8, '2026-06-06', NULL, 'scheduled', NULL, NULL, NULL),
(60, 7, '2026-05-18', NULL, 'scheduled', NULL, NULL, NULL),
(61, 7, '2026-05-19', NULL, 'scheduled', NULL, NULL, NULL),
(62, 9, '2026-05-18', 5, 'scheduled', NULL, NULL, 6),
(63, 9, '2026-05-23', NULL, 'scheduled', NULL, NULL, NULL),
(64, 9, '2026-05-25', NULL, 'scheduled', NULL, NULL, NULL),
(65, 9, '2026-05-30', NULL, 'scheduled', NULL, NULL, NULL),
(66, 9, '2026-06-01', NULL, 'scheduled', NULL, NULL, NULL),
(67, 10, '2026-05-18', NULL, 'done', NULL, NULL, NULL),
(68, 10, '2026-05-23', NULL, 'scheduled', NULL, NULL, NULL),
(69, 10, '2026-05-25', NULL, 'scheduled', NULL, NULL, NULL),
(70, 10, '2026-05-30', NULL, 'scheduled', NULL, NULL, NULL),
(71, 10, '2026-06-01', NULL, 'scheduled', NULL, NULL, NULL);

-- --------------------------------------------------------

--
-- Cấu trúc bảng cho bảng `session_reviews`
--

CREATE TABLE `session_reviews` (
  `review_id` int(11) NOT NULL,
  `session_id` int(11) NOT NULL,
  `student_id` int(11) DEFAULT NULL,
  `review_text` text NOT NULL,
  `created_at` datetime NOT NULL
) ENGINE=InnoDB DEFAULT CHARSET=utf8 COLLATE=utf8_general_ci;

--
-- Đang đổ dữ liệu cho bảng `session_reviews`
--

INSERT INTO `session_reviews` (`review_id`, `session_id`, `student_id`, `review_text`, `created_at`) VALUES
(1, 49, NULL, 'Giỏi', '2026-05-17 14:45:29');

-- --------------------------------------------------------

--
-- Cấu trúc bảng cho bảng `session_teachers`
--

CREATE TABLE `session_teachers` (
  `id` int(11) NOT NULL,
  `session_id` int(11) DEFAULT NULL,
  `teacher_id` int(11) DEFAULT NULL,
  `role` enum('main','assistant') DEFAULT NULL
) ENGINE=InnoDB DEFAULT CHARSET=utf8mb4 COLLATE=utf8mb4_general_ci;

--
-- Đang đổ dữ liệu cho bảng `session_teachers`
--

INSERT INTO `session_teachers` (`id`, `session_id`, `teacher_id`, `role`) VALUES
(1, 2, 1, 'main'),
(2, 1, 1, 'main'),
(3, 41, 1, 'assistant'),
(4, 3, 1, 'main'),
(5, 4, 1, 'main'),
(6, 5, 1, 'main'),
(7, 6, 1, 'main'),
(8, 49, 4, 'main'),
(9, 60, 2, 'main'),
(10, 61, 2, 'main'),
(11, 44, 2, 'main'),
(12, 62, 2, 'main'),
(15, 69, 3, 'main'),
(16, 70, 3, 'main'),
(17, 71, 3, 'main'),
(18, 67, 2, 'main'),
(19, 68, 2, 'main');

-- --------------------------------------------------------

--
-- Cấu trúc bảng cho bảng `shifts`
--

CREATE TABLE `shifts` (
  `shift_id` int(11) NOT NULL,
  `name` varchar(50) DEFAULT NULL,
  `start_time` time DEFAULT NULL,
  `end_time` time DEFAULT NULL
) ENGINE=InnoDB DEFAULT CHARSET=utf8mb4 COLLATE=utf8mb4_general_ci;

--
-- Đang đổ dữ liệu cho bảng `shifts`
--

INSERT INTO `shifts` (`shift_id`, `name`, `start_time`, `end_time`) VALUES
(1, 'Sáng', '09:00:00', '10:30:00'),
(2, 'Chiều', '14:30:00', '16:00:00'),
(3, 'Tối 2', '18:30:00', '20:00:00'),
(5, 'Tối 1', '19:30:00', '21:00:00');

-- --------------------------------------------------------

--
-- Cấu trúc bảng cho bảng `specializations`
--

CREATE TABLE `specializations` (
  `specialization_id` int(11) NOT NULL,
  `name` varchar(100) NOT NULL,
  `description` text DEFAULT NULL,
  `status` enum('active','inactive') DEFAULT 'active',
  `created_at` timestamp NOT NULL DEFAULT current_timestamp()
) ENGINE=InnoDB DEFAULT CHARSET=utf8mb4 COLLATE=utf8mb4_general_ci;

--
-- Đang đổ dữ liệu cho bảng `specializations`
--

INSERT INTO `specializations` (`specialization_id`, `name`, `description`, `status`, `created_at`) VALUES
(1, 'Robotics', 'Lập trình và điều khiển robot cho học sinh', 'active', '2026-05-08 14:03:46'),
(2, 'Scratch', 'Lập trình Scratch cơ bản cho trẻ em', 'active', '2026-05-08 14:03:46'),
(3, 'Python', 'Lập trình Python từ cơ bản đến nâng cao', 'active', '2026-05-08 14:03:46'),
(5, 'STEM', 'Giảng dạy STEM tích hợp', 'active', '2026-05-08 14:03:46'),
(6, 'Arduino', 'Lập trình vi điều khiển Arduino', 'active', '2026-05-08 14:03:46'),
(7, 'Web Development', 'Thiết kế và lập trình website', 'active', '2026-05-08 14:03:46'),
(8, 'Game Development', 'Thiết kế và phát triển game', 'active', '2026-05-08 14:03:46'),
(9, 'IoT', 'Internet of Things và thiết bị thông minh', 'active', '2026-05-08 14:03:46'),
(13, 'C/C++', 'Lập trình C/C++ cho thuật toán và nhúng', 'active', '2026-05-08 14:03:46'),
(14, 'Java', 'Lập trình Java hướng đối tượng', 'active', '2026-05-08 14:03:46'),
(15, 'Tin học văn phòng', 'Word, Excel, PowerPoint cơ bản', 'active', '2026-05-08 14:03:46');

-- --------------------------------------------------------

--
-- Cấu trúc bảng cho bảng `students`
--

CREATE TABLE `students` (
  `student_id` int(11) NOT NULL,
  `user_id` int(11) DEFAULT NULL,
  `parent_name` varchar(255) DEFAULT NULL,
  `parent_phone` varchar(20) DEFAULT NULL,
  `date_of_birth` date DEFAULT NULL,
  `status` tinyint(4) DEFAULT NULL
) ENGINE=InnoDB DEFAULT CHARSET=utf8mb4 COLLATE=utf8mb4_general_ci;

--
-- Đang đổ dữ liệu cho bảng `students`
--

INSERT INTO `students` (`student_id`, `user_id`, `parent_name`, `parent_phone`, `date_of_birth`, `status`) VALUES
(1, 4, 'Phạm Văn Hùng', '0912998877', '2010-05-20', 1),
(2, 5, 'Nguyễn Thị Tuyết', '0903445566', '2012-11-12', 1),
(3, 6, '', NULL, '2004-02-05', 1),
(4, 7, '', NULL, '2015-02-27', 1),
(5, 9, 'Trần Trúc Trân', '', '2018-05-09', 1);

-- --------------------------------------------------------

--
-- Cấu trúc bảng cho bảng `teachers`
--

CREATE TABLE `teachers` (
  `teacher_id` int(11) NOT NULL,
  `user_id` int(11) DEFAULT NULL,
  `hire_date` date DEFAULT NULL,
  `salary_type` enum('per_session','fixed') DEFAULT NULL,
  `current_level_id` int(11) DEFAULT NULL,
  `salary_value` decimal(10,2) DEFAULT NULL,
  `status` tinyint(4) DEFAULT NULL,
  `specialization_id` int(11) DEFAULT NULL
) ENGINE=InnoDB DEFAULT CHARSET=utf8mb4 COLLATE=utf8mb4_general_ci;

--
-- Đang đổ dữ liệu cho bảng `teachers`
--

INSERT INTO `teachers` (`teacher_id`, `user_id`, `hire_date`, `salary_type`, `current_level_id`, `salary_value`, `status`, `specialization_id`) VALUES
(1, 2, '2024-02-01', 'per_session', 1, 50000.00, 1, 3),
(2, 3, '2024-03-15', 'fixed', 6, 8000000.00, 1, 2),
(3, 8, '2026-05-08', 'per_session', 1, 50000.00, 1, 2),
(4, 10, '2026-03-01', 'per_session', 1, 50000.00, 1, 1);

-- --------------------------------------------------------

--
-- Cấu trúc bảng cho bảng `teacher_attendance`
--

CREATE TABLE `teacher_attendance` (
  `attendance_id` int(11) NOT NULL,
  `teacher_id` int(11) NOT NULL,
  `session_id` int(11) NOT NULL,
  `class_id` int(11) NOT NULL,
  `session_date` date DEFAULT NULL,
  `check_in_time` datetime DEFAULT NULL,
  `check_out_time` datetime DEFAULT NULL,
  `status` enum('present','absent','late') DEFAULT 'present',
  `method` tinyint(1) DEFAULT 1,
  `face_image` varchar(255) DEFAULT NULL,
  `created_at` timestamp NOT NULL DEFAULT current_timestamp()
) ENGINE=InnoDB DEFAULT CHARSET=utf8mb4 COLLATE=utf8mb4_general_ci;

--
-- Đang đổ dữ liệu cho bảng `teacher_attendance`
--

INSERT INTO `teacher_attendance` (`attendance_id`, `teacher_id`, `session_id`, `class_id`, `session_date`, `check_in_time`, `check_out_time`, `status`, `method`, `face_image`, `created_at`) VALUES
(1, 1, 4, 1, '2026-05-18', '2026-05-18 00:13:05', NULL, 'present', 1, NULL, '2026-05-17 17:13:05'),
(2, 2, 44, 3, '2026-05-18', '2026-05-18 02:22:31', NULL, 'late', 1, 'attendance_1779106507_8539.jpg', '2026-05-17 19:22:31'),
(3, 2, 62, 9, '2026-05-18', '2026-05-18 02:28:38', NULL, 'present', 1, 'attendance_1779046229_1854.jpg', '2026-05-17 19:28:38'),
(4, 2, 67, 10, '2026-05-18', '2026-05-18 02:46:18', NULL, 'present', 1, 'attendance_1779047188_6238.jpg', '2026-05-17 19:46:18');

-- --------------------------------------------------------

--
-- Cấu trúc bảng cho bảng `teacher_level_history`
--

CREATE TABLE `teacher_level_history` (
  `id` int(11) NOT NULL,
  `teacher_id` int(11) NOT NULL,
  `from_level_id` int(11) DEFAULT NULL,
  `to_level_id` int(11) NOT NULL,
  `sessions_at_upgrade` int(11) DEFAULT 0,
  `upgraded_at` date NOT NULL,
  `created_at` timestamp NOT NULL DEFAULT current_timestamp()
) ENGINE=InnoDB DEFAULT CHARSET=utf8mb4 COLLATE=utf8mb4_general_ci;

--
-- Đang đổ dữ liệu cho bảng `teacher_level_history`
--

INSERT INTO `teacher_level_history` (`id`, `teacher_id`, `from_level_id`, `to_level_id`, `sessions_at_upgrade`, `upgraded_at`, `created_at`) VALUES
(1, 1, 1, 2, 30, '2025-11-06', '2026-05-14 12:26:27');

-- --------------------------------------------------------

--
-- Cấu trúc bảng cho bảng `teacher_salary_logs`
--

CREATE TABLE `teacher_salary_logs` (
  `id` int(11) NOT NULL,
  `teacher_id` int(11) NOT NULL,
  `month` int(11) NOT NULL,
  `year` int(11) NOT NULL,
  `level_id` int(11) DEFAULT NULL,
  `total_sessions` int(11) DEFAULT 0,
  `late_sessions` int(11) DEFAULT 0,
  `absent_sessions` int(11) DEFAULT 0,
  `base_salary` decimal(12,2) DEFAULT 0.00,
  `total_bonus` decimal(12,2) DEFAULT 0.00,
  `total_penalty` decimal(12,2) DEFAULT 0.00,
  `final_salary` decimal(12,2) DEFAULT 0.00,
  `status` enum('draft','confirmed','paid') DEFAULT 'draft',
  `note` text DEFAULT NULL,
  `created_at` timestamp NOT NULL DEFAULT current_timestamp(),
  `confirmed_at` datetime DEFAULT NULL,
  `confirmed_by` int(11) DEFAULT NULL
) ENGINE=InnoDB DEFAULT CHARSET=utf8mb4 COLLATE=utf8mb4_general_ci;

--
-- Đang đổ dữ liệu cho bảng `teacher_salary_logs`
--

INSERT INTO `teacher_salary_logs` (`id`, `teacher_id`, `month`, `year`, `level_id`, `total_sessions`, `late_sessions`, `absent_sessions`, `base_salary`, `total_bonus`, `total_penalty`, `final_salary`, `status`, `note`, `created_at`, `confirmed_at`, `confirmed_by`) VALUES
(1, 2, 5, 2026, 6, 5, 1, 0, 8000000.00, 0.00, 100000.00, 7900000.00, 'draft', NULL, '2026-05-17 07:30:41', NULL, NULL),
(2, 1, 5, 2026, 1, 7, 0, 0, 350000.00, 0.00, 200000.00, 150000.00, 'draft', NULL, '2026-05-17 07:30:41', NULL, NULL),
(3, 4, 5, 2026, 1, 1, 0, 0, 50000.00, 0.00, 0.00, 50000.00, 'draft', NULL, '2026-05-17 07:30:41', NULL, NULL),
(4, 3, 5, 2026, 1, 0, 0, 0, 0.00, 0.00, 200000.00, 0.00, 'draft', NULL, '2026-05-17 07:30:41', NULL, NULL);

-- --------------------------------------------------------

--
-- Cấu trúc bảng cho bảng `users`
--

CREATE TABLE `users` (
  `user_id` int(11) NOT NULL,
  `name` varchar(100) DEFAULT NULL,
  `email` varchar(100) DEFAULT NULL,
  `password` varchar(255) DEFAULT NULL,
  `role` enum('admin','teacher','parent','student') DEFAULT NULL,
  `phone` varchar(20) DEFAULT NULL,
  `status` tinyint(4) DEFAULT NULL,
  `created_at` timestamp NOT NULL DEFAULT current_timestamp()
) ENGINE=InnoDB DEFAULT CHARSET=utf8mb4 COLLATE=utf8mb4_general_ci;

--
-- Đang đổ dữ liệu cho bảng `users`
--

INSERT INTO `users` (`user_id`, `name`, `email`, `password`, `role`, `phone`, `status`, `created_at`) VALUES
(1, 'Nguyễn Minh Quân', 'quan.admin@center.com', '123456', 'admin', '0905123456', 1, '2026-05-04 20:03:35'),
(2, 'Trần Thị Thu Thảo', 'thao.teacher@center.com', '123456', 'teacher', '0914223344', 1, '2026-05-04 20:03:35'),
(3, 'Lê Hoàng Nam', 'nam.teacher@center.com', '123456', 'teacher', '0988556677', 1, '2026-05-04 20:03:35'),
(4, 'Phạm Anh Tuấn', 'tuan.student@center.com', '123456', 'student', '0355889900', 1, '2026-05-04 20:03:35'),
(5, 'Vũ Hải Yến', 'yen.student@center.com', '123456', 'student', '0700112233', 1, '2026-05-04 20:03:35'),
(6, 'Mai Trí Thức ', NULL, NULL, NULL, '025647898', NULL, '2026-05-04 20:09:53'),
(7, 'An Thuyên', NULL, NULL, NULL, '025698453', NULL, '2026-05-06 15:57:03'),
(8, 'Vũ Văn Trung', 'trung.teacher@center.com', '123456', 'teacher', NULL, 1, '2026-05-08 14:30:48'),
(9, 'Trần Thị Tú', 'tu.student@center.com', '123456', 'parent', '0225566998', 1, '2026-05-09 07:11:07'),
(10, 'Việt Trung', 'trungtest.teacher@center.com', NULL, 'teacher', NULL, NULL, '2026-05-16 05:09:47'),
(11, 'Vũ Văn Trung', 'trung.teacher@center.com', '123456', 'teacher', '', 1, '2026-05-17 19:37:45');

-- --------------------------------------------------------

--
-- Cấu trúc đóng vai cho view `vw_teacher_attendance_report`
-- (See below for the actual view)
--
CREATE TABLE `vw_teacher_attendance_report` (
`attendance_id` int(11)
,`teacher_id` int(11)
,`teacher_name` varchar(100)
,`session_id` int(11)
,`class_name` varchar(50)
,`check_in_time` datetime
,`check_out_time` datetime
,`session_date` date
,`start_time` time
,`end_time` time
,`shift_start_time` datetime
,`late_minutes_calculated` bigint(21)
,`status_calculated` varchar(7)
,`face_image` varchar(255)
,`created_at` timestamp
);

-- --------------------------------------------------------

--
-- Cấu trúc đóng vai cho view `v_payroll_current_month`
-- (See below for the actual view)
--
CREATE TABLE `v_payroll_current_month` (
`id` int(11)
,`name` varchar(100)
,`salary_type` enum('per_session','fixed')
,`level_name` varchar(50)
,`month` int(11)
,`year` int(11)
,`total_sessions` int(11)
,`late_sessions` int(11)
,`absent_sessions` int(11)
,`base_salary` decimal(12,2)
,`total_bonus` decimal(12,2)
,`total_penalty` decimal(12,2)
,`final_salary` decimal(12,2)
,`status` enum('draft','confirmed','paid')
);

-- --------------------------------------------------------

--
-- Cấu trúc đóng vai cho view `v_teacher_summary`
-- (See below for the actual view)
--
CREATE TABLE `v_teacher_summary` (
`teacher_id` int(11)
,`name` varchar(100)
,`salary_type` enum('per_session','fixed')
,`current_level` varchar(50)
,`current_rate` decimal(12,2)
,`total_present` bigint(21)
,`total_late` bigint(21)
,`total_absent` bigint(21)
,`sessions_to_next_level` bigint(22)
);

-- --------------------------------------------------------

--
-- Cấu trúc cho view `vw_teacher_attendance_report`
--
DROP TABLE IF EXISTS `vw_teacher_attendance_report`;

CREATE ALGORITHM=UNDEFINED DEFINER=`root`@`localhost` SQL SECURITY DEFINER VIEW `vw_teacher_attendance_report`  AS SELECT `ta`.`attendance_id` AS `attendance_id`, `ta`.`teacher_id` AS `teacher_id`, `u`.`name` AS `teacher_name`, `ta`.`session_id` AS `session_id`, `c`.`class_code` AS `class_name`, `ta`.`check_in_time` AS `check_in_time`, `ta`.`check_out_time` AS `check_out_time`, `s`.`session_date` AS `session_date`, `sh`.`start_time` AS `start_time`, `sh`.`end_time` AS `end_time`, timestamp(`s`.`session_date`,`sh`.`start_time`) AS `shift_start_time`, CASE WHEN `ta`.`check_in_time` is null THEN NULL WHEN `ta`.`check_in_time` <= timestamp(`s`.`session_date`,`sh`.`start_time`) THEN 0 ELSE timestampdiff(MINUTE,timestamp(`s`.`session_date`,`sh`.`start_time`),`ta`.`check_in_time`) END AS `late_minutes_calculated`, CASE WHEN `ta`.`check_in_time` is null THEN 'absent' WHEN `ta`.`check_in_time` <= timestamp(`s`.`session_date`,`sh`.`start_time`) THEN 'present' ELSE 'late' END AS `status_calculated`, `ta`.`face_image` AS `face_image`, `ta`.`created_at` AS `created_at` FROM (((((`teacher_attendance` `ta` join `teachers` `t` on(`t`.`teacher_id` = `ta`.`teacher_id`)) join `users` `u` on(`u`.`user_id` = `t`.`user_id`)) join `sessions` `s` on(`s`.`session_id` = `ta`.`session_id`)) join `shifts` `sh` on(`sh`.`shift_id` = `s`.`shift_id`)) join `classes` `c` on(`c`.`class_id` = `ta`.`class_id`)) ;

-- --------------------------------------------------------

--
-- Cấu trúc cho view `v_payroll_current_month`
--
DROP TABLE IF EXISTS `v_payroll_current_month`;

CREATE ALGORITHM=UNDEFINED DEFINER=`root`@`localhost` SQL SECURITY DEFINER VIEW `v_payroll_current_month`  AS SELECT `tsl`.`id` AS `id`, `u`.`name` AS `name`, `t`.`salary_type` AS `salary_type`, `sl`.`level_name` AS `level_name`, `tsl`.`month` AS `month`, `tsl`.`year` AS `year`, `tsl`.`total_sessions` AS `total_sessions`, `tsl`.`late_sessions` AS `late_sessions`, `tsl`.`absent_sessions` AS `absent_sessions`, `tsl`.`base_salary` AS `base_salary`, `tsl`.`total_bonus` AS `total_bonus`, `tsl`.`total_penalty` AS `total_penalty`, `tsl`.`final_salary` AS `final_salary`, `tsl`.`status` AS `status` FROM (((`teacher_salary_logs` `tsl` join `teachers` `t` on(`t`.`teacher_id` = `tsl`.`teacher_id`)) join `users` `u` on(`u`.`user_id` = `t`.`user_id`)) join `salary_levels` `sl` on(`sl`.`id` = `tsl`.`level_id`)) WHERE `tsl`.`month` = month(curdate()) AND `tsl`.`year` = year(curdate()) ;

-- --------------------------------------------------------

--
-- Cấu trúc cho view `v_teacher_summary`
--
DROP TABLE IF EXISTS `v_teacher_summary`;

CREATE ALGORITHM=UNDEFINED DEFINER=`root`@`localhost` SQL SECURITY DEFINER VIEW `v_teacher_summary`  AS SELECT `t`.`teacher_id` AS `teacher_id`, `u`.`name` AS `name`, `t`.`salary_type` AS `salary_type`, `sl`.`level_name` AS `current_level`, `sl`.`amount` AS `current_rate`, count(case when `ta`.`status` = 'present' then 1 end) AS `total_present`, count(case when `ta`.`status` = 'late' then 1 end) AS `total_late`, count(case when `ta`.`status` = 'absent' then 1 end) AS `total_absent`, coalesce(`next_lvl`.`requirement_sessions` - count(case when `ta`.`status` = 'present' then 1 end),0) AS `sessions_to_next_level` FROM ((((`teachers` `t` join `users` `u` on(`u`.`user_id` = `t`.`user_id`)) join `salary_levels` `sl` on(`sl`.`id` = `t`.`current_level_id`)) left join `teacher_attendance` `ta` on(`ta`.`teacher_id` = `t`.`teacher_id`)) left join `salary_levels` `next_lvl` on(`next_lvl`.`type` = `t`.`salary_type` and `next_lvl`.`level` = `sl`.`level` + 1 and `next_lvl`.`is_active` = 1)) GROUP BY `t`.`teacher_id`, `u`.`name`, `t`.`salary_type`, `sl`.`level_name`, `sl`.`amount`, `next_lvl`.`requirement_sessions` ;

--
-- Chỉ mục cho các bảng đã đổ
--

--
-- Chỉ mục cho bảng `allowances_penalties`
--
ALTER TABLE `allowances_penalties`
  ADD PRIMARY KEY (`id`),
  ADD KEY `fk_allowances_teacher` (`teacher_id`),
  ADD KEY `fk_allowances_created_by` (`created_by`);

--
-- Chỉ mục cho bảng `attendances`
--
ALTER TABLE `attendances`
  ADD PRIMARY KEY (`attendance_id`),
  ADD KEY `fk_attendances_sessions` (`session_id`),
  ADD KEY `fk_attendances_students` (`student_id`);

--
-- Chỉ mục cho bảng `classes`
--
ALTER TABLE `classes`
  ADD PRIMARY KEY (`class_id`),
  ADD KEY `fk_classes_courses` (`course_id`),
  ADD KEY `fk_classes_packages` (`package_id`),
  ADD KEY `fk_classes_schedules` (`schedule_id`),
  ADD KEY `fk_classes_shifts` (`shift_id`);

--
-- Chỉ mục cho bảng `courses`
--
ALTER TABLE `courses`
  ADD PRIMARY KEY (`course_id`);

--
-- Chỉ mục cho bảng `enrollments`
--
ALTER TABLE `enrollments`
  ADD PRIMARY KEY (`enrollment_id`),
  ADD KEY `fk_enrollments_students` (`student_id`),
  ADD KEY `fk_enrollments_classes` (`class_id`);

--
-- Chỉ mục cho bảng `face_data`
--
ALTER TABLE `face_data`
  ADD PRIMARY KEY (`face_id`),
  ADD KEY `fk_face_data_user` (`user_id`);

--
-- Chỉ mục cho bảng `notifications`
--
ALTER TABLE `notifications`
  ADD PRIMARY KEY (`notification_id`),
  ADD KEY `fk_notifications_user` (`user_id`);

--
-- Chỉ mục cho bảng `packages`
--
ALTER TABLE `packages`
  ADD PRIMARY KEY (`package_id`),
  ADD KEY `fk_packages_courses` (`course_id`);

--
-- Chỉ mục cho bảng `parents`
--
ALTER TABLE `parents`
  ADD PRIMARY KEY (`parent_id`),
  ADD KEY `fk_parents_user` (`user_id`);

--
-- Chỉ mục cho bảng `parent_student`
--
ALTER TABLE `parent_student`
  ADD PRIMARY KEY (`id`),
  ADD KEY `idx_parent_student_parent` (`parent_id`),
  ADD KEY `idx_parent_student_student` (`student_id`);

--
-- Chỉ mục cho bảng `payroll_current_month`
--
ALTER TABLE `payroll_current_month`
  ADD PRIMARY KEY (`id`),
  ADD KEY `idx_payroll_current_teacher` (`teacher_id`,`month`,`year`);

--
-- Chỉ mục cho bảng `rooms`
--
ALTER TABLE `rooms`
  ADD PRIMARY KEY (`room_id`);

--
-- Chỉ mục cho bảng `salary_levels`
--
ALTER TABLE `salary_levels`
  ADD PRIMARY KEY (`id`);

--
-- Chỉ mục cho bảng `schedules`
--
ALTER TABLE `schedules`
  ADD PRIMARY KEY (`schedule_id`);

--
-- Chỉ mục cho bảng `schedule_days`
--
ALTER TABLE `schedule_days`
  ADD PRIMARY KEY (`id`),
  ADD KEY `fk_sd_schedules` (`schedule_id`);

--
-- Chỉ mục cho bảng `sessions`
--
ALTER TABLE `sessions`
  ADD PRIMARY KEY (`session_id`),
  ADD KEY `fk_sessions_classes` (`class_id`),
  ADD KEY `fk_sessions_shifts` (`shift_id`),
  ADD KEY `fk_sessions_rooms` (`room_id`);

--
-- Chỉ mục cho bảng `session_reviews`
--
ALTER TABLE `session_reviews`
  ADD PRIMARY KEY (`review_id`),
  ADD UNIQUE KEY `uq_session_reviews_session_student` (`session_id`,`student_id`);

--
-- Chỉ mục cho bảng `session_teachers`
--
ALTER TABLE `session_teachers`
  ADD PRIMARY KEY (`id`),
  ADD KEY `fk_st_sessions` (`session_id`),
  ADD KEY `fk_st_teachers` (`teacher_id`);

--
-- Chỉ mục cho bảng `shifts`
--
ALTER TABLE `shifts`
  ADD PRIMARY KEY (`shift_id`);

--
-- Chỉ mục cho bảng `specializations`
--
ALTER TABLE `specializations`
  ADD PRIMARY KEY (`specialization_id`),
  ADD UNIQUE KEY `name` (`name`);

--
-- Chỉ mục cho bảng `students`
--
ALTER TABLE `students`
  ADD PRIMARY KEY (`student_id`),
  ADD KEY `fk_students_users` (`user_id`);

--
-- Chỉ mục cho bảng `teachers`
--
ALTER TABLE `teachers`
  ADD PRIMARY KEY (`teacher_id`),
  ADD KEY `fk_teachers_users` (`user_id`),
  ADD KEY `fk_teacher_specialization` (`specialization_id`),
  ADD KEY `fk_teachers_level` (`current_level_id`);

--
-- Chỉ mục cho bảng `teacher_attendance`
--
ALTER TABLE `teacher_attendance`
  ADD PRIMARY KEY (`attendance_id`),
  ADD KEY `fk_teacher_attendance_class` (`class_id`),
  ADD KEY `idx_teacher_attendance_teacher` (`teacher_id`),
  ADD KEY `idx_teacher_attendance_session` (`session_id`),
  ADD KEY `idx_teacher_attendance_checkin` (`check_in_time`);

--
-- Chỉ mục cho bảng `teacher_level_history`
--
ALTER TABLE `teacher_level_history`
  ADD PRIMARY KEY (`id`),
  ADD KEY `fk_teacher_level_history_teacher` (`teacher_id`),
  ADD KEY `fk_teacher_level_history_from` (`from_level_id`),
  ADD KEY `fk_teacher_level_history_to` (`to_level_id`);

--
-- Chỉ mục cho bảng `teacher_salary_logs`
--
ALTER TABLE `teacher_salary_logs`
  ADD PRIMARY KEY (`id`),
  ADD KEY `fk_teacher_salary_logs_level` (`level_id`),
  ADD KEY `fk_teacher_salary_logs_confirmed_by` (`confirmed_by`),
  ADD KEY `idx_teacher_salary_logs_month` (`teacher_id`,`month`,`year`);

--
-- Chỉ mục cho bảng `users`
--
ALTER TABLE `users`
  ADD PRIMARY KEY (`user_id`);

--
-- AUTO_INCREMENT cho các bảng đã đổ
--

--
-- AUTO_INCREMENT cho bảng `allowances_penalties`
--
ALTER TABLE `allowances_penalties`
  MODIFY `id` int(11) NOT NULL AUTO_INCREMENT, AUTO_INCREMENT=28;

--
-- AUTO_INCREMENT cho bảng `attendances`
--
ALTER TABLE `attendances`
  MODIFY `attendance_id` int(11) NOT NULL AUTO_INCREMENT, AUTO_INCREMENT=34;

--
-- AUTO_INCREMENT cho bảng `classes`
--
ALTER TABLE `classes`
  MODIFY `class_id` int(11) NOT NULL AUTO_INCREMENT, AUTO_INCREMENT=11;

--
-- AUTO_INCREMENT cho bảng `courses`
--
ALTER TABLE `courses`
  MODIFY `course_id` int(11) NOT NULL AUTO_INCREMENT, AUTO_INCREMENT=7;

--
-- AUTO_INCREMENT cho bảng `enrollments`
--
ALTER TABLE `enrollments`
  MODIFY `enrollment_id` int(11) NOT NULL AUTO_INCREMENT, AUTO_INCREMENT=18;

--
-- AUTO_INCREMENT cho bảng `face_data`
--
ALTER TABLE `face_data`
  MODIFY `face_id` int(11) NOT NULL AUTO_INCREMENT, AUTO_INCREMENT=4;

--
-- AUTO_INCREMENT cho bảng `notifications`
--
ALTER TABLE `notifications`
  MODIFY `notification_id` int(11) NOT NULL AUTO_INCREMENT;

--
-- AUTO_INCREMENT cho bảng `packages`
--
ALTER TABLE `packages`
  MODIFY `package_id` int(11) NOT NULL AUTO_INCREMENT, AUTO_INCREMENT=7;

--
-- AUTO_INCREMENT cho bảng `parents`
--
ALTER TABLE `parents`
  MODIFY `parent_id` int(11) NOT NULL AUTO_INCREMENT, AUTO_INCREMENT=3;

--
-- AUTO_INCREMENT cho bảng `parent_student`
--
ALTER TABLE `parent_student`
  MODIFY `id` int(11) NOT NULL AUTO_INCREMENT, AUTO_INCREMENT=3;

--
-- AUTO_INCREMENT cho bảng `payroll_current_month`
--
ALTER TABLE `payroll_current_month`
  MODIFY `id` int(11) NOT NULL AUTO_INCREMENT;

--
-- AUTO_INCREMENT cho bảng `rooms`
--
ALTER TABLE `rooms`
  MODIFY `room_id` int(11) NOT NULL AUTO_INCREMENT, AUTO_INCREMENT=12;

--
-- AUTO_INCREMENT cho bảng `salary_levels`
--
ALTER TABLE `salary_levels`
  MODIFY `id` int(11) NOT NULL AUTO_INCREMENT, AUTO_INCREMENT=7;

--
-- AUTO_INCREMENT cho bảng `schedules`
--
ALTER TABLE `schedules`
  MODIFY `schedule_id` int(11) NOT NULL AUTO_INCREMENT, AUTO_INCREMENT=12;

--
-- AUTO_INCREMENT cho bảng `schedule_days`
--
ALTER TABLE `schedule_days`
  MODIFY `id` int(11) NOT NULL AUTO_INCREMENT, AUTO_INCREMENT=25;

--
-- AUTO_INCREMENT cho bảng `sessions`
--
ALTER TABLE `sessions`
  MODIFY `session_id` int(11) NOT NULL AUTO_INCREMENT, AUTO_INCREMENT=72;

--
-- AUTO_INCREMENT cho bảng `session_reviews`
--
ALTER TABLE `session_reviews`
  MODIFY `review_id` int(11) NOT NULL AUTO_INCREMENT, AUTO_INCREMENT=2;

--
-- AUTO_INCREMENT cho bảng `session_teachers`
--
ALTER TABLE `session_teachers`
  MODIFY `id` int(11) NOT NULL AUTO_INCREMENT, AUTO_INCREMENT=20;

--
-- AUTO_INCREMENT cho bảng `shifts`
--
ALTER TABLE `shifts`
  MODIFY `shift_id` int(11) NOT NULL AUTO_INCREMENT, AUTO_INCREMENT=6;

--
-- AUTO_INCREMENT cho bảng `specializations`
--
ALTER TABLE `specializations`
  MODIFY `specialization_id` int(11) NOT NULL AUTO_INCREMENT, AUTO_INCREMENT=16;

--
-- AUTO_INCREMENT cho bảng `students`
--
ALTER TABLE `students`
  MODIFY `student_id` int(11) NOT NULL AUTO_INCREMENT, AUTO_INCREMENT=6;

--
-- AUTO_INCREMENT cho bảng `teachers`
--
ALTER TABLE `teachers`
  MODIFY `teacher_id` int(11) NOT NULL AUTO_INCREMENT, AUTO_INCREMENT=5;

--
-- AUTO_INCREMENT cho bảng `teacher_attendance`
--
ALTER TABLE `teacher_attendance`
  MODIFY `attendance_id` int(11) NOT NULL AUTO_INCREMENT, AUTO_INCREMENT=5;

--
-- AUTO_INCREMENT cho bảng `teacher_level_history`
--
ALTER TABLE `teacher_level_history`
  MODIFY `id` int(11) NOT NULL AUTO_INCREMENT, AUTO_INCREMENT=2;

--
-- AUTO_INCREMENT cho bảng `teacher_salary_logs`
--
ALTER TABLE `teacher_salary_logs`
  MODIFY `id` int(11) NOT NULL AUTO_INCREMENT, AUTO_INCREMENT=5;

--
-- AUTO_INCREMENT cho bảng `users`
--
ALTER TABLE `users`
  MODIFY `user_id` int(11) NOT NULL AUTO_INCREMENT, AUTO_INCREMENT=12;

--
-- Các ràng buộc cho các bảng đã đổ
--

--
-- Các ràng buộc cho bảng `allowances_penalties`
--
ALTER TABLE `allowances_penalties`
  ADD CONSTRAINT `fk_allowances_created_by` FOREIGN KEY (`created_by`) REFERENCES `users` (`user_id`) ON DELETE SET NULL,
  ADD CONSTRAINT `fk_allowances_teacher` FOREIGN KEY (`teacher_id`) REFERENCES `teachers` (`teacher_id`) ON DELETE CASCADE;

--
-- Các ràng buộc cho bảng `attendances`
--
ALTER TABLE `attendances`
  ADD CONSTRAINT `fk_attendances_sessions` FOREIGN KEY (`session_id`) REFERENCES `sessions` (`session_id`),
  ADD CONSTRAINT `fk_attendances_students` FOREIGN KEY (`student_id`) REFERENCES `students` (`student_id`);

--
-- Các ràng buộc cho bảng `classes`
--
ALTER TABLE `classes`
  ADD CONSTRAINT `fk_classes_courses` FOREIGN KEY (`course_id`) REFERENCES `courses` (`course_id`),
  ADD CONSTRAINT `fk_classes_packages` FOREIGN KEY (`package_id`) REFERENCES `packages` (`package_id`),
  ADD CONSTRAINT `fk_classes_schedules` FOREIGN KEY (`schedule_id`) REFERENCES `schedules` (`schedule_id`),
  ADD CONSTRAINT `fk_classes_shifts` FOREIGN KEY (`shift_id`) REFERENCES `shifts` (`shift_id`);

--
-- Các ràng buộc cho bảng `enrollments`
--
ALTER TABLE `enrollments`
  ADD CONSTRAINT `fk_enrollments_classes` FOREIGN KEY (`class_id`) REFERENCES `classes` (`class_id`),
  ADD CONSTRAINT `fk_enrollments_students` FOREIGN KEY (`student_id`) REFERENCES `students` (`student_id`);

--
-- Các ràng buộc cho bảng `face_data`
--
ALTER TABLE `face_data`
  ADD CONSTRAINT `fk_face_data_user` FOREIGN KEY (`user_id`) REFERENCES `users` (`user_id`) ON DELETE CASCADE;

--
-- Các ràng buộc cho bảng `notifications`
--
ALTER TABLE `notifications`
  ADD CONSTRAINT `fk_notifications_user` FOREIGN KEY (`user_id`) REFERENCES `users` (`user_id`) ON DELETE CASCADE;

--
-- Các ràng buộc cho bảng `packages`
--
ALTER TABLE `packages`
  ADD CONSTRAINT `fk_packages_courses` FOREIGN KEY (`course_id`) REFERENCES `courses` (`course_id`);

--
-- Các ràng buộc cho bảng `parents`
--
ALTER TABLE `parents`
  ADD CONSTRAINT `fk_parents_user` FOREIGN KEY (`user_id`) REFERENCES `users` (`user_id`) ON DELETE CASCADE;

--
-- Các ràng buộc cho bảng `parent_student`
--
ALTER TABLE `parent_student`
  ADD CONSTRAINT `fk_parent_student_parent` FOREIGN KEY (`parent_id`) REFERENCES `parents` (`parent_id`) ON DELETE CASCADE,
  ADD CONSTRAINT `fk_parent_student_student` FOREIGN KEY (`student_id`) REFERENCES `students` (`student_id`) ON DELETE CASCADE;

--
-- Các ràng buộc cho bảng `payroll_current_month`
--
ALTER TABLE `payroll_current_month`
  ADD CONSTRAINT `fk_payroll_teacher` FOREIGN KEY (`teacher_id`) REFERENCES `teachers` (`teacher_id`) ON DELETE CASCADE;

--
-- Các ràng buộc cho bảng `schedule_days`
--
ALTER TABLE `schedule_days`
  ADD CONSTRAINT `fk_sd_schedules` FOREIGN KEY (`schedule_id`) REFERENCES `schedules` (`schedule_id`);

--
-- Các ràng buộc cho bảng `sessions`
--
ALTER TABLE `sessions`
  ADD CONSTRAINT `fk_sessions_classes` FOREIGN KEY (`class_id`) REFERENCES `classes` (`class_id`),
  ADD CONSTRAINT `fk_sessions_rooms` FOREIGN KEY (`room_id`) REFERENCES `rooms` (`room_id`),
  ADD CONSTRAINT `fk_sessions_shifts` FOREIGN KEY (`shift_id`) REFERENCES `shifts` (`shift_id`);

--
-- Các ràng buộc cho bảng `session_teachers`
--
ALTER TABLE `session_teachers`
  ADD CONSTRAINT `fk_st_sessions` FOREIGN KEY (`session_id`) REFERENCES `sessions` (`session_id`),
  ADD CONSTRAINT `fk_st_teachers` FOREIGN KEY (`teacher_id`) REFERENCES `teachers` (`teacher_id`);

--
-- Các ràng buộc cho bảng `students`
--
ALTER TABLE `students`
  ADD CONSTRAINT `fk_students_users` FOREIGN KEY (`user_id`) REFERENCES `users` (`user_id`);

--
-- Các ràng buộc cho bảng `teachers`
--
ALTER TABLE `teachers`
  ADD CONSTRAINT `fk_teacher_specialization` FOREIGN KEY (`specialization_id`) REFERENCES `specializations` (`specialization_id`),
  ADD CONSTRAINT `fk_teachers_level` FOREIGN KEY (`current_level_id`) REFERENCES `salary_levels` (`id`) ON DELETE SET NULL,
  ADD CONSTRAINT `fk_teachers_users` FOREIGN KEY (`user_id`) REFERENCES `users` (`user_id`);

--
-- Các ràng buộc cho bảng `teacher_attendance`
--
ALTER TABLE `teacher_attendance`
  ADD CONSTRAINT `fk_teacher_attendance_class` FOREIGN KEY (`class_id`) REFERENCES `classes` (`class_id`) ON DELETE CASCADE,
  ADD CONSTRAINT `fk_teacher_attendance_session` FOREIGN KEY (`session_id`) REFERENCES `sessions` (`session_id`) ON DELETE CASCADE,
  ADD CONSTRAINT `fk_teacher_attendance_teacher` FOREIGN KEY (`teacher_id`) REFERENCES `teachers` (`teacher_id`) ON DELETE CASCADE;

--
-- Các ràng buộc cho bảng `teacher_level_history`
--
ALTER TABLE `teacher_level_history`
  ADD CONSTRAINT `fk_teacher_level_history_from` FOREIGN KEY (`from_level_id`) REFERENCES `salary_levels` (`id`) ON DELETE SET NULL,
  ADD CONSTRAINT `fk_teacher_level_history_teacher` FOREIGN KEY (`teacher_id`) REFERENCES `teachers` (`teacher_id`) ON DELETE CASCADE,
  ADD CONSTRAINT `fk_teacher_level_history_to` FOREIGN KEY (`to_level_id`) REFERENCES `salary_levels` (`id`) ON DELETE CASCADE;

--
-- Các ràng buộc cho bảng `teacher_salary_logs`
--
ALTER TABLE `teacher_salary_logs`
  ADD CONSTRAINT `fk_teacher_salary_logs_confirmed_by` FOREIGN KEY (`confirmed_by`) REFERENCES `users` (`user_id`) ON DELETE SET NULL,
  ADD CONSTRAINT `fk_teacher_salary_logs_level` FOREIGN KEY (`level_id`) REFERENCES `salary_levels` (`id`) ON DELETE SET NULL,
  ADD CONSTRAINT `fk_teacher_salary_logs_teacher` FOREIGN KEY (`teacher_id`) REFERENCES `teachers` (`teacher_id`) ON DELETE CASCADE;
COMMIT;

/*!40101 SET CHARACTER_SET_CLIENT=@OLD_CHARACTER_SET_CLIENT */;
/*!40101 SET CHARACTER_SET_RESULTS=@OLD_CHARACTER_SET_RESULTS */;
/*!40101 SET COLLATION_CONNECTION=@OLD_COLLATION_CONNECTION */;
